Circumference,Height,Carbon_Storage,WS,WB,WL,WT,Below_Ground_Biomass,Total_Biomass
30,8,95.44353872927252,27.727152136218702,6.460918982818161,3.1138921624316014,37.30196328146847,17.904942375104863,55.206905656573326
25,7,60.76572440436784,17.31610937969142,4.101025833104389,2.3317832648923056,23.74891847768811,11.399480869290294,35.14839934697841
50,10,297.91904716306607,89.90407238657966,20.116137216463926,6.41475819136007,116.43496779440365,55.88878454131375,172.3237523357174
40,9,179.61199655999025,53.38000513872195,12.1605736747126,4.656735638582342,70.1973144520169,33.69471093696811,103.892025388985
